{
    "Mass": {
        "precision": 0.6254071661237784,
        "recall": 0.5932028836251287,
        "f1-score": 0.6088794926004228,
        "support": 971.0
    },
    "No Finding": {
        "precision": 0.6196969696969697,
        "recall": 0.6816666666666666,
        "f1-score": 0.6492063492063492,
        "support": 1200.0
    },
    "Nodule": {
        "precision": 0.5433070866141733,
        "recall": 0.5082872928176796,
        "f1-score": 0.5252140818268316,
        "support": 1086.0
    },
    "accuracy": 0.5974823457169174,
    "macro avg": {
        "precision": 0.5961370741449739,
        "recall": 0.5943856143698251,
        "f1-score": 0.594433307877868,
        "support": 3257.0
    },
    "weighted avg": {
        "precision": 0.5959282216780917,
        "recall": 0.5974823457169174,
        "f1-score": 0.595840374340365,
        "support": 3257.0
    }
}