{
    "Mass": {
        "precision": 0.6224156692056583,
        "recall": 0.5890834191555098,
        "f1-score": 0.6052910052910053,
        "support": 971.0
    },
    "No Finding": {
        "precision": 0.6173986486486487,
        "recall": 0.6091666666666666,
        "f1-score": 0.613255033557047,
        "support": 1200.0
    },
    "Nodule": {
        "precision": 0.5311958405545927,
        "recall": 0.5644567219152854,
        "f1-score": 0.5473214285714286,
        "support": 1086.0
    },
    "accuracy": 0.5882714154129567,
    "macro avg": {
        "precision": 0.5903367194696332,
        "recall": 0.5875689359124873,
        "f1-score": 0.588622489139827,
        "support": 3257.0
    },
    "weighted avg": {
        "precision": 0.590151266815892,
        "recall": 0.5882714154129567,
        "f1-score": 0.5888961246038055,
        "support": 3257.0
    }
}