{
    "Mass": {
        "precision": 0.625531914893617,
        "recall": 0.6055612770339855,
        "f1-score": 0.6153846153846154,
        "support": 971.0
    },
    "No Finding": {
        "precision": 0.6104838709677419,
        "recall": 0.6308333333333334,
        "f1-score": 0.6204918032786885,
        "support": 1200.0
    },
    "Nodule": {
        "precision": 0.5116063138347261,
        "recall": 0.507366482504604,
        "f1-score": 0.5094775774387424,
        "support": 1086.0
    },
    "accuracy": 0.5821307952103162,
    "macro avg": {
        "precision": 0.582540699898695,
        "recall": 0.5812536976239743,
        "f1-score": 0.5817846653673487,
        "support": 3257.0
    },
    "weighted avg": {
        "precision": 0.5820007956240422,
        "recall": 0.5821307952103162,
        "f1-score": 0.5819531085573725,
        "support": 3257.0
    }
}